ID,Identifier,Filename,Path,Link
240,msdyn_workorder%252fWO10749_02BDB38B640AEB11A812000D3A484D80%252fStage%2b2%2bTech%2bChecklist%2b-%2b9001%2b-%2b14001%2b-%2b45001%2b-%2bForte%2bEngineering.docx,Stage 2 Tech Checklist - 9001 - 14001 - 45001 - Forte Engineering.docx,msdyn_workorder/WO10749_02BDB38B640AEB11A812000D3A484D80/Stage 2 Tech Checklist - 9001 - 14001 - 45001 - Forte Engineering.docx,https://alcumusgroup.sharepoint.com/sites/D365ISOQARAuditDocumentsProd/msdyn_workorder/WO10749_02BDB38B640AEB11A812000D3A484D80/Stage%202%20Tech%20Checklist%20-%209001%20-%2014001%20-%2045001%20-%20Forte%20Engineering.docx?d=wac9d8d9f47b84ca18b49e404bfb32dda
477,msdyn_workorder%252fWO09955_65F67A68640AEB11A812000D3A484D80%252fNationwide%2bCleaning%2band%2bSupport%2bServices%2bLtd%2b-%2b18335%2b-%2b30.04.2021.docx,Nationwide Cleaning and Support Services Ltd - 18335 - 30.04.2021.docx,msdyn_workorder/WO09955_65F67A68640AEB11A812000D3A484D80/Nationwide Cleaning and Support Services Ltd - 18335 - 30.04.2021.docx,https://alcumusgroup.sharepoint.com/sites/D365ISOQARAuditDocumentsProd/msdyn_workorder/WO09955_65F67A68640AEB11A812000D3A484D80/Nationwide%20Cleaning%20and%20Support%20Services%20Ltd%20-%2018335%20-%2030.04.2021.docx?d=wae29598d669e41df80e81225942e1c29
485,msdyn_workorder%252fWO18745_23352B209C51EB11A812000D3A2E9B6C%252f3720%2bAmarinth%2bLimited%2bSafety%2baudit%2b2nd%2bsurveillance%2b03.06.21.docx,3720 Amarinth Limited Safety audit 2nd surveillance 03.06.21.docx,msdyn_workorder/WO18745_23352B209C51EB11A812000D3A2E9B6C/3720 Amarinth Limited Safety audit 2nd surveillance 03.06.21.docx,https://alcumusgroup.sharepoint.com/sites/D365ISOQARAuditDocumentsProd/msdyn_workorder/WO18745_23352B209C51EB11A812000D3A2E9B6C/3720%20Amarinth%20Limited%20Safety%20audit%202nd%20surveillance%2003.06.21.docx?d=wb5c35dacb43d453a8e6ffea9aebca969
486,msdyn_workorder%252fWO18745_23352B209C51EB11A812000D3A2E9B6C%252fRemote%2bAudit%2bFeasibility%2b%2526%2bEffectiveness%2bReview%2b3720%2bAmarinth%2b03.06.21.docx,Remote Audit Feasibility & Effectiveness Review 3720 Amarinth 03.06.21.docx,msdyn_workorder/WO18745_23352B209C51EB11A812000D3A2E9B6C/Remote Audit Feasibility & Effectiveness Review 3720 Amarinth 03.06.21.docx,https://alcumusgroup.sharepoint.com/sites/D365ISOQARAuditDocumentsProd/msdyn_workorder/WO18745_23352B209C51EB11A812000D3A2E9B6C/Remote%20Audit%20Feasibility%20%26%20Effectiveness%20Review%203720%20Amarinth%2003.06.21.docx?d=we71ea87c01df44e6800f4f18351388a5
489,msdyn_workorder%252fWO15263_99228CB2640AEB11A812000D3A484D80%252fClark%2b%2526%2bPartners%2bLimited%2b-%2b855%2b-%2b07.06.2021.docx,Clark & Partners Limited - 855 - 07.06.2021.docx,msdyn_workorder/WO15263_99228CB2640AEB11A812000D3A484D80/Clark & Partners Limited - 855 - 07.06.2021.docx,https://alcumusgroup.sharepoint.com/sites/D365ISOQARAuditDocumentsProd/msdyn_workorder/WO15263_99228CB2640AEB11A812000D3A484D80/Clark%20%26%20Partners%20Limited%20-%20855%20-%2007.06.2021.docx?d=w0521470c39b6435f92a9c9f749fae137
492,msdyn_workorder%252fWO17954_5AA50D69BC25EB11A813000D3AAE65D4%252fThis%2bis%2bFocus%2bLtd%2b-%2b12753%2b-%2b01.06.2021.docx,This is Focus Ltd - 12753 - 01.06.2021.docx,msdyn_workorder/WO17954_5AA50D69BC25EB11A813000D3AAE65D4/This is Focus Ltd - 12753 - 01.06.2021.docx,https://alcumusgroup.sharepoint.com/sites/D365ISOQARAuditDocumentsProd/msdyn_workorder/WO17954_5AA50D69BC25EB11A813000D3AAE65D4/This%20is%20Focus%20Ltd%20-%2012753%20-%2001.06.2021.docx?d=w27816af670274b7eaf14b7be2ac679bb
493,msdyn_workorder%252fWO09955_65F67A68640AEB11A812000D3A484D80%252fRemote%2bAudit%2bFeasibility%2b%2526%2bEffectiveness%2bReview%2b18335%2bNationwide%2bCleaning%2b30.04.21.docx,Remote Audit Feasibility & Effectiveness Review 18335 Nationwide Cleaning 30.04.21.docx,msdyn_workorder/WO09955_65F67A68640AEB11A812000D3A484D80/Remote Audit Feasibility & Effectiveness Review 18335 Nationwide Cleaning 30.04.21.docx,https://alcumusgroup.sharepoint.com/sites/D365ISOQARAuditDocumentsProd/msdyn_workorder/WO09955_65F67A68640AEB11A812000D3A484D80/Remote%20Audit%20Feasibility%20%26%20Effectiveness%20Review%2018335%20Nationwide%20Cleaning%2030.04.21.docx?d=wcd598091fdbb440ca2cbd5f22440f444
496,msdyn_workorder%252fWO09559_4DF37A68640AEB11A812000D3A484D80%252fMOD%2bDM%2b%2bBeith%2b18118%2b24%252625.05.2021.docx,MOD DM  Beith 18118 24&25.05.2021.docx,msdyn_workorder/WO09559_4DF37A68640AEB11A812000D3A484D80/MOD DM  Beith 18118 24&25.05.2021.docx,https://alcumusgroup.sharepoint.com/sites/D365ISOQARAuditDocumentsProd/msdyn_workorder/WO09559_4DF37A68640AEB11A812000D3A484D80/MOD%20DM%20%20Beith%2018118%2024%2625.05.2021.docx?d=w332660e2c98c4c2fa58962e3addced81
497,msdyn_workorder%252fWO17954_5AA50D69BC25EB11A813000D3AAE65D4%252fThis%2bis%2bFocus%2bRemote%2bAudit%2bFeasibility%2bEffectiveness%2bReview.docx,This is Focus Remote Audit Feasibility Effectiveness Review.docx,msdyn_workorder/WO17954_5AA50D69BC25EB11A813000D3AAE65D4/This is Focus Remote Audit Feasibility Effectiveness Review.docx,https://alcumusgroup.sharepoint.com/sites/D365ISOQARAuditDocumentsProd/msdyn_workorder/WO17954_5AA50D69BC25EB11A813000D3AAE65D4/This%20is%20Focus%20Remote%20Audit%20Feasibility%20Effectiveness%20Review.docx?d=w701912a2d94b41769add1a046d26f150
510,msdyn_workorder%252fWO06262_54CF2062640AEB11A812000D3A484D80%252fIndigo%2bTelecoms%2bRemote%2bAudit%2bFeasibility%2bEffectiveness%2bReview.docx,Indigo Telecoms Remote Audit Feasibility Effectiveness Review.docx,msdyn_workorder/WO06262_54CF2062640AEB11A812000D3A484D80/Indigo Telecoms Remote Audit Feasibility Effectiveness Review.docx,https://alcumusgroup.sharepoint.com/sites/D365ISOQARAuditDocumentsProd/msdyn_workorder/WO06262_54CF2062640AEB11A812000D3A484D80/Indigo%20Telecoms%20Remote%20Audit%20Feasibility%20Effectiveness%20Review.docx?d=w3fb4fd8170044788b247235f69be4765
516,msdyn_workorder%252fWO15544_D1248CB2640AEB11A812000D3A484D80%252fSanctuary%2bPersonnel%2bLimited%2b-%2b8884%2bJune%2b21.docx,Sanctuary Personnel Limited - 8884 June 21.docx,msdyn_workorder/WO15544_D1248CB2640AEB11A812000D3A484D80/Sanctuary Personnel Limited - 8884 June 21.docx,https://alcumusgroup.sharepoint.com/sites/D365ISOQARAuditDocumentsProd/msdyn_workorder/WO15544_D1248CB2640AEB11A812000D3A484D80/Sanctuary%20Personnel%20Limited%20-%208884%20June%2021.docx?d=w36e88b048b494dd7a4a89b6fbe51430c
517,msdyn_workorder%252fWO15544_D1248CB2640AEB11A812000D3A484D80%252fRemote%2bAudit%2bFeasibility%2b%2526%2bEffectiveness%2bReview%2b8884%2bSanctuary%2bPersonell%2b08-09.06.21.docx,Remote Audit Feasibility & Effectiveness Review 8884 Sanctuary Personell 08-09.06.21.docx,msdyn_workorder/WO15544_D1248CB2640AEB11A812000D3A484D80/Remote Audit Feasibility & Effectiveness Review 8884 Sanctuary Personell 08-09.06.21.docx,https://alcumusgroup.sharepoint.com/sites/D365ISOQARAuditDocumentsProd/msdyn_workorder/WO15544_D1248CB2640AEB11A812000D3A484D80/Remote%20Audit%20Feasibility%20%26%20Effectiveness%20Review%208884%20Sanctuary%20Personell%2008-09.06.21.docx?d=w7b3441590bc74556a07770ec2355b191
521,msdyn_workorder%252fWO23031_6A093C59C7CDEB11BACC000D3A278BC5%252fMount%2bCharles%2bVisit%2bPlan%2bAug%2bto%2bSep%2b2021.docx,Mount Charles Visit Plan Aug to Sep 2021.docx,msdyn_workorder/WO23031_6A093C59C7CDEB11BACC000D3A278BC5/Mount Charles Visit Plan Aug to Sep 2021.docx,https://alcumusgroup.sharepoint.com/sites/D365ISOQARAuditDocumentsProd/msdyn_workorder/WO23031_6A093C59C7CDEB11BACC000D3A278BC5/Mount%20Charles%20Visit%20Plan%20Aug%20to%20Sep%202021.docx?d=wb69a0200696540c3a4564ea3e136df5d
542,msdyn_workorder%252fWO13940_3DD6B38B640AEB11A812000D3A484D80%252fCenterprise%2bInternational%2bLimited%2b-%2b6786%2b-%2b06.04.2021.docx,Centerprise International Limited - 6786 - 06.04.2021.docx,msdyn_workorder/WO13940_3DD6B38B640AEB11A812000D3A484D80/Centerprise International Limited - 6786 - 06.04.2021.docx,https://alcumusgroup.sharepoint.com/sites/D365ISOQARAuditDocumentsProd/msdyn_workorder/WO13940_3DD6B38B640AEB11A812000D3A484D80/Centerprise%20International%20Limited%20-%206786%20-%2006.04.2021.docx?d=w3c91d65078d74b22b7117ccdb2aec4bf
543,msdyn_workorder%252fWO18616_F97A627B3E41EB11A813000D3A2E9B6C%252fKnowledgePoint%2bLimited%2b-%2b2013%2b-%2b27001%2b-%2b01.07.2021.docx,KnowledgePoint Limited - 2013 - 27001 - 01.07.2021.docx,msdyn_workorder/WO18616_F97A627B3E41EB11A813000D3A2E9B6C/KnowledgePoint Limited - 2013 - 27001 - 01.07.2021.docx,https://alcumusgroup.sharepoint.com/sites/D365ISOQARAuditDocumentsProd/msdyn_workorder/WO18616_F97A627B3E41EB11A813000D3A2E9B6C/KnowledgePoint%20Limited%20-%202013%20-%2027001%20-%2001.07.2021.docx?d=wf46e312621be4625ad227a97c8ffe273
549,msdyn_workorder%252fWO07584_DFE37A68640AEB11A812000D3A484D80%252fHerbosch-Kiere%2bNV%2b16459%2bRecertification%2b08.07.21.docx,Herbosch-Kiere NV 16459 Recertification 08.07.21.docx,msdyn_workorder/WO07584_DFE37A68640AEB11A812000D3A484D80/Herbosch-Kiere NV 16459 Recertification 08.07.21.docx,https://alcumusgroup.sharepoint.com/sites/D365ISOQARAuditDocumentsProd/msdyn_workorder/WO07584_DFE37A68640AEB11A812000D3A484D80/Herbosch-Kiere%20NV%2016459%20Recertification%2008.07.21.docx?d=w443eb1416ea44447b04b6813ed3beae8
550,msdyn_workorder%252fWO07584_DFE37A68640AEB11A812000D3A484D80%252fRAFE%2bHKNV%2b16459%2bRecertification%2b08.07.21.docx,RAFE HKNV 16459 Recertification 08.07.21.docx,msdyn_workorder/WO07584_DFE37A68640AEB11A812000D3A484D80/RAFE HKNV 16459 Recertification 08.07.21.docx,https://alcumusgroup.sharepoint.com/sites/D365ISOQARAuditDocumentsProd/msdyn_workorder/WO07584_DFE37A68640AEB11A812000D3A484D80/RAFE%20HKNV%2016459%20Recertification%2008.07.21.docx?d=w0c15cfa980284f17ab2f7b102f602e4a
562,msdyn_workorder%252fWO09327_7DF17A68640AEB11A812000D3A484D80%252fRemote%2bAudit%2b-%2bDPH%2b%2b-%2bEffectiveness%2bReview%2b12-14_07_2021.docx,Remote Audit - DPH  - Effectiveness Review 12-14_07_2021.docx,msdyn_workorder/WO09327_7DF17A68640AEB11A812000D3A484D80/Remote Audit - DPH  - Effectiveness Review 12-14_07_2021.docx,https://alcumusgroup.sharepoint.com/sites/D365ISOQARAuditDocumentsProd/msdyn_workorder/WO09327_7DF17A68640AEB11A812000D3A484D80/Remote%20Audit%20-%20DPH%20%20-%20Effectiveness%20Review%2012-14_07_2021.docx?d=w664f9d0750544ac99350ea524ccb3991
563,msdyn_workorder%252fWO09327_7DF17A68640AEB11A812000D3A484D80%252fDPH%2bManagement%2bServices%2bLtd%2b-%2b12_07_21.docx,DPH Management Services Ltd - 12_07_21.docx,msdyn_workorder/WO09327_7DF17A68640AEB11A812000D3A484D80/DPH Management Services Ltd - 12_07_21.docx,https://alcumusgroup.sharepoint.com/sites/D365ISOQARAuditDocumentsProd/msdyn_workorder/WO09327_7DF17A68640AEB11A812000D3A484D80/DPH%20Management%20Services%20Ltd%20-%2012_07_21.docx?d=w13b9a11696c9400eaf80f645eb692008
565,msdyn_workorder%252fWO07370_33E27A68640AEB11A812000D3A484D80%252fBullet%2bLift%2bServices%2bLimited%2b-%2b16185%2b-%2b07.07.2021.docx,Bullet Lift Services Limited - 16185 - 07.07.2021.docx,msdyn_workorder/WO07370_33E27A68640AEB11A812000D3A484D80/Bullet Lift Services Limited - 16185 - 07.07.2021.docx,https://alcumusgroup.sharepoint.com/sites/D365ISOQARAuditDocumentsProd/msdyn_workorder/WO07370_33E27A68640AEB11A812000D3A484D80/Bullet%20Lift%20Services%20Limited%20-%2016185%20-%2007.07.2021.docx?d=w5f2c7da270d4404f817a0562c241aecf
566,msdyn_workorder%252fWO07370_33E27A68640AEB11A812000D3A484D80%252fRemote%2bAudit%2bFeasibility%2b%2526%2bEffectiveness%2bReview.docx,Remote Audit Feasibility & Effectiveness Review.docx,msdyn_workorder/WO07370_33E27A68640AEB11A812000D3A484D80/Remote Audit Feasibility & Effectiveness Review.docx,https://alcumusgroup.sharepoint.com/sites/D365ISOQARAuditDocumentsProd/msdyn_workorder/WO07370_33E27A68640AEB11A812000D3A484D80/Remote%20Audit%20Feasibility%20%26%20Effectiveness%20Review.docx?d=w1fa306b85fb749aa91c33a20886ef608
572,msdyn_workorder%252fWO13814_41D5B38B640AEB11A812000D3A484D80%252fHub%2bLe%2bBas%2bLimited%2b5th%2bJuly%2b21%2b%2b6577.docx,Hub Le Bas Limited 5th July 21  6577.docx,msdyn_workorder/WO13814_41D5B38B640AEB11A812000D3A484D80/Hub Le Bas Limited 5th July 21  6577.docx,https://alcumusgroup.sharepoint.com/sites/D365ISOQARAuditDocumentsProd/msdyn_workorder/WO13814_41D5B38B640AEB11A812000D3A484D80/Hub%20Le%20Bas%20Limited%205th%20July%2021%20%206577.docx?d=w806570a692c14cc5abc0a73ec366182a
580,msdyn_workorder%252fWO09016_0FEF7A68640AEB11A812000D3A484D80%252fKirklands%2band%2bEquipment%2bSupply%2bCompany%2bLimited%2b-%2b17763%2b-%2b09.07.2021.docx,Kirklands and Equipment Supply Company Limited - 17763 - 09.07.2021.docx,msdyn_workorder/WO09016_0FEF7A68640AEB11A812000D3A484D80/Kirklands and Equipment Supply Company Limited - 17763 - 09.07.2021.docx,https://alcumusgroup.sharepoint.com/sites/D365ISOQARAuditDocumentsProd/msdyn_workorder/WO09016_0FEF7A68640AEB11A812000D3A484D80/Kirklands%20and%20Equipment%20Supply%20Company%20Limited%20-%2017763%20-%2009.07.2021.docx?d=w0fab5f8c46e941dabbe2be1fc491ccd7
581,msdyn_workorder%252fWO09016_0FEF7A68640AEB11A812000D3A484D80%252fRemote%2bAudit%2bFeasibility%2b%2526%2bEffectiveness%2bReview%2b17763%2bKirklands%2b09.07.21.docx,Remote Audit Feasibility & Effectiveness Review 17763 Kirklands 09.07.21.docx,msdyn_workorder/WO09016_0FEF7A68640AEB11A812000D3A484D80/Remote Audit Feasibility & Effectiveness Review 17763 Kirklands 09.07.21.docx,https://alcumusgroup.sharepoint.com/sites/D365ISOQARAuditDocumentsProd/msdyn_workorder/WO09016_0FEF7A68640AEB11A812000D3A484D80/Remote%20Audit%20Feasibility%20%26%20Effectiveness%20Review%2017763%20Kirklands%2009.07.21.docx?d=wec99dcd14b0e49f2bfd27aa032c959c0
585,msdyn_workorder%252fWO21685_2754C5918697EB11B1AC000D3A2CD18C%252fLFC%2bBRC%2bAudit%2bReport%2bJul-2021.docx,LFC BRC Audit Report Jul-2021.docx,msdyn_workorder/WO21685_2754C5918697EB11B1AC000D3A2CD18C/LFC BRC Audit Report Jul-2021.docx,https://alcumusgroup.sharepoint.com/sites/D365ISOQARAuditDocumentsProd/msdyn_workorder/WO21685_2754C5918697EB11B1AC000D3A2CD18C/LFC%20BRC%20Audit%20Report%20Jul-2021.docx?d=w955af2a089f04a82a2befd90fb1fcb70
586,msdyn_workorder%252fWO21685_2754C5918697EB11B1AC000D3A2CD18C%252fGF301%2bGluten%2bFree%2bIssue%2b3%2bAudit%2bReport%2bv6%2b30.06.2021.docx,GF301 Gluten Free Issue 3 Audit Report v6 30.06.2021.docx,msdyn_workorder/WO21685_2754C5918697EB11B1AC000D3A2CD18C/GF301 Gluten Free Issue 3 Audit Report v6 30.06.2021.docx,https://alcumusgroup.sharepoint.com/sites/D365ISOQARAuditDocumentsProd/msdyn_workorder/WO21685_2754C5918697EB11B1AC000D3A2CD18C/GF301%20Gluten%20Free%20Issue%203%20Audit%20Report%20v6%2030.06.2021.docx?d=wa78ffa9fb3d64778bf8632edfa13fd5b
587,msdyn_workorder%252fWO21685_2754C5918697EB11B1AC000D3A2CD18C%252fLFC%2bBRC%2bNon-Conformity%2bSummary%2b15.07.21.docx,LFC BRC Non-Conformity Summary 15.07.21.docx,msdyn_workorder/WO21685_2754C5918697EB11B1AC000D3A2CD18C/LFC BRC Non-Conformity Summary 15.07.21.docx,https://alcumusgroup.sharepoint.com/sites/D365ISOQARAuditDocumentsProd/msdyn_workorder/WO21685_2754C5918697EB11B1AC000D3A2CD18C/LFC%20BRC%20Non-Conformity%20Summary%2015.07.21.docx?d=w21e3bb55942846929a84c177cd51d421
588,msdyn_workorder%252fWO21685_2754C5918697EB11B1AC000D3A2CD18C%252fLFC%2bGFCP%2bNon-Conformity%2bSummary%2b15.07.21.docx,LFC GFCP Non-Conformity Summary 15.07.21.docx,msdyn_workorder/WO21685_2754C5918697EB11B1AC000D3A2CD18C/LFC GFCP Non-Conformity Summary 15.07.21.docx,https://alcumusgroup.sharepoint.com/sites/D365ISOQARAuditDocumentsProd/msdyn_workorder/WO21685_2754C5918697EB11B1AC000D3A2CD18C/LFC%20GFCP%20Non-Conformity%20Summary%2015.07.21.docx?d=w54af23cdbc9b434095102df85b2b3742
589,msdyn_workorder%252fWO21685_2754C5918697EB11B1AC000D3A2CD18C%252fLFC%2bVertical%2bAudit.doc,LFC Vertical Audit.doc,msdyn_workorder/WO21685_2754C5918697EB11B1AC000D3A2CD18C/LFC Vertical Audit.doc,https://alcumusgroup.sharepoint.com/sites/D365ISOQARAuditDocumentsProd/msdyn_workorder/WO21685_2754C5918697EB11B1AC000D3A2CD18C/LFC%20Vertical%20Audit.doc?d=w651e079af88843c1b9cfe30058205cac
590,msdyn_workorder%252fWO21685_2754C5918697EB11B1AC000D3A2CD18C%252fBRC%2bOpening%2b%2bClosing%2bMeeting%2bSheet%2b150721.docx,BRC Opening  Closing Meeting Sheet 150721.docx,msdyn_workorder/WO21685_2754C5918697EB11B1AC000D3A2CD18C/BRC Opening  Closing Meeting Sheet 150721.docx,https://alcumusgroup.sharepoint.com/sites/D365ISOQARAuditDocumentsProd/msdyn_workorder/WO21685_2754C5918697EB11B1AC000D3A2CD18C/BRC%20Opening%20%20Closing%20Meeting%20Sheet%20150721.docx?d=wc76b785fef4545d68483ba9c7338602c
591,msdyn_workorder%252fWO21685_2754C5918697EB11B1AC000D3A2CD18C%252fKR%2bAudit%2bNotes.pdf,KR Audit Notes.pdf,msdyn_workorder/WO21685_2754C5918697EB11B1AC000D3A2CD18C/KR Audit Notes.pdf,https://alcumusgroup.sharepoint.com/sites/D365ISOQARAuditDocumentsProd/msdyn_workorder/WO21685_2754C5918697EB11B1AC000D3A2CD18C/KR%20Audit%20Notes.pdf
593,msdyn_workorder%252fWO20851_DB9E93386F82EB11A812000D3ABE3CF0%252f18476%2b-%2bUKTOP%2bLtd.%2bAlperton%2bNotes%2b17th%2bMar%2b%2526%2b23rd%2bJuly%2b21.docx,18476 - UKTOP Ltd. Alperton Notes 17th Mar & 23rd July 21.docx,msdyn_workorder/WO20851_DB9E93386F82EB11A812000D3ABE3CF0/18476 - UKTOP Ltd. Alperton Notes 17th Mar & 23rd July 21.docx,https://alcumusgroup.sharepoint.com/sites/D365ISOQARAuditDocumentsProd/msdyn_workorder/WO20851_DB9E93386F82EB11A812000D3ABE3CF0/18476%20-%20UKTOP%20Ltd.%20Alperton%20Notes%2017th%20Mar%20%26%2023rd%20July%2021.docx?d=wcb8dfe7ca8774f5ab1bcf9c7ce26e3d7
596,msdyn_workorder%252fWO23985_EB9A40FFB4EEEB11BACB0022487EF0AE%252f7509%2b-%2bSSiP%2bCore%2bCriteria%2bCheck%2bList%2b%2b2.Aug.21.docx,7509 - SSiP Core Criteria Check List  2.Aug.21.docx,msdyn_workorder/WO23985_EB9A40FFB4EEEB11BACB0022487EF0AE/7509 - SSiP Core Criteria Check List  2.Aug.21.docx,https://alcumusgroup.sharepoint.com/sites/D365ISOQARAuditDocumentsProd/msdyn_workorder/WO23985_EB9A40FFB4EEEB11BACB0022487EF0AE/7509%20-%20SSiP%20Core%20Criteria%20Check%20List%20%202.Aug.21.docx?d=wa66fdf1ea1f14548a6e56bc7a2d79675
600,msdyn_workorder%252fWO04497_C62CCC3D640AEB11A812000D3A484D80%252fGraphic%2bArts%2b(Coventry)%2bLtd%2b-%2b14069%2b-%2b03.08.2021.docx,Graphic Arts (Coventry) Ltd - 14069 - 03.08.2021.docx,msdyn_workorder/WO04497_C62CCC3D640AEB11A812000D3A484D80/Graphic Arts (Coventry) Ltd - 14069 - 03.08.2021.docx,https://alcumusgroup.sharepoint.com/sites/D365ISOQARAuditDocumentsProd/msdyn_workorder/WO04497_C62CCC3D640AEB11A812000D3A484D80/Graphic%20Arts%20(Coventry)%20Ltd%20-%2014069%20-%2003.08.2021.docx?d=w0e4d20eebec844078435ea9266323348
602,msdyn_workorder%252fWO15735_50268CB2640AEB11A812000D3A484D80%252fCare-Med%2bHealthcare%2bEquipment%2b-%2b9158%2b-%2b23.07.2021.docx,Care-Med Healthcare Equipment - 9158 - 23.07.2021.docx,msdyn_workorder/WO15735_50268CB2640AEB11A812000D3A484D80/Care-Med Healthcare Equipment - 9158 - 23.07.2021.docx,https://alcumusgroup.sharepoint.com/sites/D365ISOQARAuditDocumentsProd/msdyn_workorder/WO15735_50268CB2640AEB11A812000D3A484D80/Care-Med%20Healthcare%20Equipment%20-%209158%20-%2023.07.2021.docx?d=w5b28553e12e64e64953d8ef2a7917cbd
604,msdyn_workorder%252fWO00345_280CCC3D640AEB11A812000D3A484D80%252fWest%2bBromwich%2bAfrican%2bCaribbean%2bResource%2bCentre%2b-%2b10229%2b-%2b08.07.2021.docx,West Bromwich African Caribbean Resource Centre - 10229 - 08.07.2021.docx,msdyn_workorder/WO00345_280CCC3D640AEB11A812000D3A484D80/West Bromwich African Caribbean Resource Centre - 10229 - 08.07.2021.docx,https://alcumusgroup.sharepoint.com/sites/D365ISOQARAuditDocumentsProd/msdyn_workorder/WO00345_280CCC3D640AEB11A812000D3A484D80/West%20Bromwich%20African%20Caribbean%20Resource%20Centre%20-%2010229%20-%2008.07.2021.docx?d=wc5b2aa38e05c481ab8fe1c7a14320ec2
606,msdyn_workorder%252fWO00347_2C0CCC3D640AEB11A812000D3A484D80%252fWest%2bBromwich%2bAfrican%2bCaribbean%2bResource%2bCentre%2b-%2b10229%2b-%2b08.07.2021.docx,West Bromwich African Caribbean Resource Centre - 10229 - 08.07.2021.docx,msdyn_workorder/WO00347_2C0CCC3D640AEB11A812000D3A484D80/West Bromwich African Caribbean Resource Centre - 10229 - 08.07.2021.docx,https://alcumusgroup.sharepoint.com/sites/D365ISOQARAuditDocumentsProd/msdyn_workorder/WO00347_2C0CCC3D640AEB11A812000D3A484D80/West%20Bromwich%20African%20Caribbean%20Resource%20Centre%20-%2010229%20-%2008.07.2021.docx?d=w2838ec3026fd41acb3c71f35efcb40ca
612,msdyn_workorder%252fWO13898_E9D5B38B640AEB11A812000D3A484D80%252f6663%2b-%2bSian%2bFormwork%2bLtd.%2b3%252c4%252c5%252c.Aug.21.docx,"6663 - Sian Formwork Ltd. 3,4,5,.Aug.21.docx","msdyn_workorder/WO13898_E9D5B38B640AEB11A812000D3A484D80/6663 - Sian Formwork Ltd. 3,4,5,.Aug.21.docx","https://alcumusgroup.sharepoint.com/sites/D365ISOQARAuditDocumentsProd/msdyn_workorder/WO13898_E9D5B38B640AEB11A812000D3A484D80/6663%20-%20Sian%20Formwork%20Ltd.%203,4,5,.Aug.21.docx?d=wf518b84c6c14438fa856848fca2ca26b"
613,msdyn_workorder%252fWO13898_E9D5B38B640AEB11A812000D3A484D80%252f6663%2b-%2bSSiP%2bCore%2bCriteria%2bCheck%2bList%2b%2b3%252c4%252c5.Aug.21.docx,"6663 - SSiP Core Criteria Check List  3,4,5.Aug.21.docx","msdyn_workorder/WO13898_E9D5B38B640AEB11A812000D3A484D80/6663 - SSiP Core Criteria Check List  3,4,5.Aug.21.docx","https://alcumusgroup.sharepoint.com/sites/D365ISOQARAuditDocumentsProd/msdyn_workorder/WO13898_E9D5B38B640AEB11A812000D3A484D80/6663%20-%20SSiP%20Core%20Criteria%20Check%20List%20%203,4,5.Aug.21.docx?d=wf3dcee07574a4fada94ab54c0313fda8"
614,msdyn_workorder%252fWO13898_E9D5B38B640AEB11A812000D3A484D80%252f6663%2b-%2bRemote%2bAudit%2bFeasibility%2b%2526%2bEffectiveness%2bReview%2b5.Aug.21.docx,6663 - Remote Audit Feasibility & Effectiveness Review 5.Aug.21.docx,msdyn_workorder/WO13898_E9D5B38B640AEB11A812000D3A484D80/6663 - Remote Audit Feasibility & Effectiveness Review 5.Aug.21.docx,https://alcumusgroup.sharepoint.com/sites/D365ISOQARAuditDocumentsProd/msdyn_workorder/WO13898_E9D5B38B640AEB11A812000D3A484D80/6663%20-%20Remote%20Audit%20Feasibility%20%26%20Effectiveness%20Review%205.Aug.21.docx?d=w33b7d7d6eaf644aeb6e75b5c47df1609
616,msdyn_workorder%252fWO02379_181CCC3D640AEB11A812000D3A484D80%252fSyrinix%2bLimited%2b30.07.21-%2b03.08.21%2b-%2b12246.docx,Syrinix Limited 30.07.21- 03.08.21 - 12246.docx,msdyn_workorder/WO02379_181CCC3D640AEB11A812000D3A484D80/Syrinix Limited 30.07.21- 03.08.21 - 12246.docx,https://alcumusgroup.sharepoint.com/sites/D365ISOQARAuditDocumentsProd/msdyn_workorder/WO02379_181CCC3D640AEB11A812000D3A484D80/Syrinix%20Limited%2030.07.21-%2003.08.21%20-%2012246.docx?d=wa05391afb7334daa9fcdee13d84b4302
630,msdyn_workorder%252fWO21699_EAEC71AEB197EB11B1AC000D3A2DD1E8%252fFDC%2bBRCGS%2bAudit%2bNon-Conformity%2bSummary%2bAug-2021.docx,FDC BRCGS Audit Non-Conformity Summary Aug-2021.docx,msdyn_workorder/WO21699_EAEC71AEB197EB11B1AC000D3A2DD1E8/FDC BRCGS Audit Non-Conformity Summary Aug-2021.docx,https://alcumusgroup.sharepoint.com/sites/D365ISOQARAuditDocumentsProd/msdyn_workorder/WO21699_EAEC71AEB197EB11B1AC000D3A2DD1E8/FDC%20BRCGS%20Audit%20Non-Conformity%20Summary%20Aug-2021.docx?d=w3786446f29bc48d8bfd1d08a331c3c3e
631,msdyn_workorder%252fWO21699_EAEC71AEB197EB11B1AC000D3A2DD1E8%252fFDC%2bOpen%2b%2526%2bClose%2bDoc%2bSigned.pdf,FDC Open & Close Doc Signed.pdf,msdyn_workorder/WO21699_EAEC71AEB197EB11B1AC000D3A2DD1E8/FDC Open & Close Doc Signed.pdf,https://alcumusgroup.sharepoint.com/sites/D365ISOQARAuditDocumentsProd/msdyn_workorder/WO21699_EAEC71AEB197EB11B1AC000D3A2DD1E8/FDC%20Open%20%26%20Close%20Doc%20Signed.pdf
632,msdyn_workorder%252fWO21699_EAEC71AEB197EB11B1AC000D3A2DD1E8%252fFDC%2bBRCGS%2bS%2526D%2bAudit%2bReport%2bAug-2021.docx,FDC BRCGS S&D Audit Report Aug-2021.docx,msdyn_workorder/WO21699_EAEC71AEB197EB11B1AC000D3A2DD1E8/FDC BRCGS S&D Audit Report Aug-2021.docx,https://alcumusgroup.sharepoint.com/sites/D365ISOQARAuditDocumentsProd/msdyn_workorder/WO21699_EAEC71AEB197EB11B1AC000D3A2DD1E8/FDC%20BRCGS%20S%26D%20Audit%20Report%20Aug-2021.docx?d=w71ed4a76445445aba800f83b5cadae79
633,msdyn_workorder%252fWO21699_EAEC71AEB197EB11B1AC000D3A2DD1E8%252fAuditor%2bNotes.pdf,Auditor Notes.pdf,msdyn_workorder/WO21699_EAEC71AEB197EB11B1AC000D3A2DD1E8/Auditor Notes.pdf,https://alcumusgroup.sharepoint.com/sites/D365ISOQARAuditDocumentsProd/msdyn_workorder/WO21699_EAEC71AEB197EB11B1AC000D3A2DD1E8/Auditor%20Notes.pdf
635,msdyn_workorder%252fWO21685_2754C5918697EB11B1AC000D3A2CD18C%252fNC%2bInfo.zip,NC Info.zip,msdyn_workorder/WO21685_2754C5918697EB11B1AC000D3A2CD18C/NC Info.zip,https://alcumusgroup.sharepoint.com/sites/D365ISOQARAuditDocumentsProd/msdyn_workorder/WO21685_2754C5918697EB11B1AC000D3A2CD18C/NC%20Info.zip
636,msdyn_workorder%252fWO21685_2754C5918697EB11B1AC000D3A2CD18C%252fLFC%2bGFCP%2bAudit%2bReport%2bJul-2021.docx,LFC GFCP Audit Report Jul-2021.docx,msdyn_workorder/WO21685_2754C5918697EB11B1AC000D3A2CD18C/LFC GFCP Audit Report Jul-2021.docx,https://alcumusgroup.sharepoint.com/sites/D365ISOQARAuditDocumentsProd/msdyn_workorder/WO21685_2754C5918697EB11B1AC000D3A2CD18C/LFC%20GFCP%20Audit%20Report%20Jul-2021.docx?d=w1090eaac0b85431f8f8179559c8ef271
637,msdyn_workorder%252fWO21685_2754C5918697EB11B1AC000D3A2CD18C%252fLFC%2bBRC%2bNon-Conformity%2bSummary%2b15.07.21%2b-%2bsigned.docx,LFC BRC Non-Conformity Summary 15.07.21 - signed.docx,msdyn_workorder/WO21685_2754C5918697EB11B1AC000D3A2CD18C/LFC BRC Non-Conformity Summary 15.07.21 - signed.docx,https://alcumusgroup.sharepoint.com/sites/D365ISOQARAuditDocumentsProd/msdyn_workorder/WO21685_2754C5918697EB11B1AC000D3A2CD18C/LFC%20BRC%20Non-Conformity%20Summary%2015.07.21%20-%20signed.docx?d=w5684929af56a4475892d5a3678f57339
638,msdyn_workorder%252fWO21685_2754C5918697EB11B1AC000D3A2CD18C%252fLFC%2bGFCP%2bNon-Conformity%2bSummary%2b15.07.21%2b-%2bsigned.docx,LFC GFCP Non-Conformity Summary 15.07.21 - signed.docx,msdyn_workorder/WO21685_2754C5918697EB11B1AC000D3A2CD18C/LFC GFCP Non-Conformity Summary 15.07.21 - signed.docx,https://alcumusgroup.sharepoint.com/sites/D365ISOQARAuditDocumentsProd/msdyn_workorder/WO21685_2754C5918697EB11B1AC000D3A2CD18C/LFC%20GFCP%20Non-Conformity%20Summary%2015.07.21%20-%20signed.docx?d=wd737b5be6fce44d2acc564a6e2f4a224
640,msdyn_workorder%252fWO21840_77D8F47ACFA1EB11B1AC000D3ABDF98B%252fScotch%2bFrost%2bof%2bGlasgow%2bBRC%2bRisk%2bAssessment%2bReport%2b19-08-21.docx,Scotch Frost of Glasgow BRC Risk Assessment Report 19-08-21.docx,msdyn_workorder/WO21840_77D8F47ACFA1EB11B1AC000D3ABDF98B/Scotch Frost of Glasgow BRC Risk Assessment Report 19-08-21.docx,https://alcumusgroup.sharepoint.com/sites/D365ISOQARAuditDocumentsProd/msdyn_workorder/WO21840_77D8F47ACFA1EB11B1AC000D3ABDF98B/Scotch%20Frost%20of%20Glasgow%20BRC%20Risk%20Assessment%20Report%2019-08-21.docx?d=w718c391a82344ca6ab510758273e59c7
641,msdyn_workorder%252fWO21840_77D8F47ACFA1EB11B1AC000D3ABDF98B%252fScotch%2bFrost.zip,Scotch Frost.zip,msdyn_workorder/WO21840_77D8F47ACFA1EB11B1AC000D3ABDF98B/Scotch Frost.zip,https://alcumusgroup.sharepoint.com/sites/D365ISOQARAuditDocumentsProd/msdyn_workorder/WO21840_77D8F47ACFA1EB11B1AC000D3ABDF98B/Scotch%20Frost.zip
651,msdyn_workorder%252fWO21699_EAEC71AEB197EB11B1AC000D3A2DD1E8%252fFDC%2bBRCGS%2bAudit%2bNon-Conformity%2bSummary%2bAug-2021%2b-%2bupdate.docx,FDC BRCGS Audit Non-Conformity Summary Aug-2021 - update.docx,msdyn_workorder/WO21699_EAEC71AEB197EB11B1AC000D3A2DD1E8/FDC BRCGS Audit Non-Conformity Summary Aug-2021 - update.docx,https://alcumusgroup.sharepoint.com/sites/D365ISOQARAuditDocumentsProd/msdyn_workorder/WO21699_EAEC71AEB197EB11B1AC000D3A2DD1E8/FDC%20BRCGS%20Audit%20Non-Conformity%20Summary%20Aug-2021%20-%20update.docx?d=w1ba6fa7d343445ffa550ebe793916b3f
652,msdyn_workorder%252fWO21699_EAEC71AEB197EB11B1AC000D3A2DD1E8%252fFDC%2bBRCGS%2bS%2526D%2bAudit%2bReport%2bAug-2021%2b-%2bupdate.docx,FDC BRCGS S&D Audit Report Aug-2021 - update.docx,msdyn_workorder/WO21699_EAEC71AEB197EB11B1AC000D3A2DD1E8/FDC BRCGS S&D Audit Report Aug-2021 - update.docx,https://alcumusgroup.sharepoint.com/sites/D365ISOQARAuditDocumentsProd/msdyn_workorder/WO21699_EAEC71AEB197EB11B1AC000D3A2DD1E8/FDC%20BRCGS%20S%26D%20Audit%20Report%20Aug-2021%20-%20update.docx?d=w55dd2c9a7a80441ea9c47ce2869a286a
653,msdyn_workorder%252fWO21699_EAEC71AEB197EB11B1AC000D3A2DD1E8%252fNC.01.zip,NC.01.zip,msdyn_workorder/WO21699_EAEC71AEB197EB11B1AC000D3A2DD1E8/NC.01.zip,https://alcumusgroup.sharepoint.com/sites/D365ISOQARAuditDocumentsProd/msdyn_workorder/WO21699_EAEC71AEB197EB11B1AC000D3A2DD1E8/NC.01.zip
654,msdyn_workorder%252fWO21699_EAEC71AEB197EB11B1AC000D3A2DD1E8%252fNC.02.zip,NC.02.zip,msdyn_workorder/WO21699_EAEC71AEB197EB11B1AC000D3A2DD1E8/NC.02.zip,https://alcumusgroup.sharepoint.com/sites/D365ISOQARAuditDocumentsProd/msdyn_workorder/WO21699_EAEC71AEB197EB11B1AC000D3A2DD1E8/NC.02.zip
655,msdyn_workorder%252fWO21699_EAEC71AEB197EB11B1AC000D3A2DD1E8%252fNC.03.zip,NC.03.zip,msdyn_workorder/WO21699_EAEC71AEB197EB11B1AC000D3A2DD1E8/NC.03.zip,https://alcumusgroup.sharepoint.com/sites/D365ISOQARAuditDocumentsProd/msdyn_workorder/WO21699_EAEC71AEB197EB11B1AC000D3A2DD1E8/NC.03.zip
656,msdyn_workorder%252fWO21699_EAEC71AEB197EB11B1AC000D3A2DD1E8%252fNC.04.zip,NC.04.zip,msdyn_workorder/WO21699_EAEC71AEB197EB11B1AC000D3A2DD1E8/NC.04.zip,https://alcumusgroup.sharepoint.com/sites/D365ISOQARAuditDocumentsProd/msdyn_workorder/WO21699_EAEC71AEB197EB11B1AC000D3A2DD1E8/NC.04.zip
657,msdyn_workorder%252fWO21699_EAEC71AEB197EB11B1AC000D3A2DD1E8%252fNC.05.zip,NC.05.zip,msdyn_workorder/WO21699_EAEC71AEB197EB11B1AC000D3A2DD1E8/NC.05.zip,https://alcumusgroup.sharepoint.com/sites/D365ISOQARAuditDocumentsProd/msdyn_workorder/WO21699_EAEC71AEB197EB11B1AC000D3A2DD1E8/NC.05.zip
659,msdyn_workorder%252fWO09725_99F47A68640AEB11A812000D3A484D80%252fRipley%2bSolutions%2bLimited%2b-%2b18209%2b-%2b03.09.2021.docx,Ripley Solutions Limited - 18209 - 03.09.2021.docx,msdyn_workorder/WO09725_99F47A68640AEB11A812000D3A484D80/Ripley Solutions Limited - 18209 - 03.09.2021.docx,https://alcumusgroup.sharepoint.com/sites/D365ISOQARAuditDocumentsProd/msdyn_workorder/WO09725_99F47A68640AEB11A812000D3A484D80/Ripley%20Solutions%20Limited%20-%2018209%20-%2003.09.2021.docx?d=w6411cd1181fb428b843057cd75924625
660,msdyn_workorder%252fWO09725_99F47A68640AEB11A812000D3A484D80%252fRemote%2bAudit%2bFeasibility%2b%2bEffectiveness%2bReview%2b%2b.docx,Remote Audit Feasibility  Effectiveness Review  .docx,msdyn_workorder/WO09725_99F47A68640AEB11A812000D3A484D80/Remote Audit Feasibility  Effectiveness Review  .docx,https://alcumusgroup.sharepoint.com/sites/D365ISOQARAuditDocumentsProd/msdyn_workorder/WO09725_99F47A68640AEB11A812000D3A484D80/Remote%20Audit%20Feasibility%20%20Effectiveness%20Review%20%20.docx?d=wcae63e958d2c4b539d3c52c14f45a990
662,msdyn_workorder%252fWO22178_D8A658683EAFEB118236000D3A450DFE%252f%2523Homegrown%2bTimber%2bGroup%2bconsisting%2bof_%2bHomegrown%2bTimber%2bLimited%2band%2bHomegrown%2bTimber%2b(Rail)%2bLimited%2b-%2b19872.docx,#Homegrown Timber Group consisting of_ Homegrown Timber Limited and Homegrown Timber (Rail) Limited - 19872.docx,msdyn_workorder/WO22178_D8A658683EAFEB118236000D3A450DFE/#Homegrown Timber Group consisting of_ Homegrown Timber Limited and Homegrown Timber (Rail) Limited - 19872.docx,https://alcumusgroup.sharepoint.com/sites/D365ISOQARAuditDocumentsProd/msdyn_workorder/WO22178_D8A658683EAFEB118236000D3A450DFE/%23Homegrown%20Timber%20Group%20consisting%20of_%20Homegrown%20Timber%20Limited%20and%20Homegrown%20Timber%20(Rail)%20Limited%20-%2019872.docx?d=w715150a48c784eaa91655947201a5a2a
663,msdyn_workorder%252fWO22178_D8A658683EAFEB118236000D3A450DFE%252fRemote%2bAudit%2bFeasibility%2b%2bEffectiveness%2bReview%2b%252b%252b.docx,Remote Audit Feasibility  Effectiveness Review ++.docx,msdyn_workorder/WO22178_D8A658683EAFEB118236000D3A450DFE/Remote Audit Feasibility  Effectiveness Review ++.docx,https://alcumusgroup.sharepoint.com/sites/D365ISOQARAuditDocumentsProd/msdyn_workorder/WO22178_D8A658683EAFEB118236000D3A450DFE/Remote%20Audit%20Feasibility%20%20Effectiveness%20Review%20++.docx?d=wfc094f7a6c774a84a61685f568e1ec00
667,msdyn_workorder%252fWO14801_F9DCB38B640AEB11A812000D3A484D80%252fOmega%2bIngredients%2bLimited%2b-%2b8074%2b-%2b10.08.2021.docx,Omega Ingredients Limited - 8074 - 10.08.2021.docx,msdyn_workorder/WO14801_F9DCB38B640AEB11A812000D3A484D80/Omega Ingredients Limited - 8074 - 10.08.2021.docx,https://alcumusgroup.sharepoint.com/sites/D365ISOQARAuditDocumentsProd/msdyn_workorder/WO14801_F9DCB38B640AEB11A812000D3A484D80/Omega%20Ingredients%20Limited%20-%208074%20-%2010.08.2021.docx?d=w76d763dc6e1f4c188948eb5ffa44d1fb
670,msdyn_workorder%252fWO19849_E3D68A99F669EB11A812000D3ABB760C%252fFox%2bLux%2bLtd%2b-%2b18366%2b-%2b09.08.2021.docx,Fox Lux Ltd - 18366 - 09.08.2021.docx,msdyn_workorder/WO19849_E3D68A99F669EB11A812000D3ABB760C/Fox Lux Ltd - 18366 - 09.08.2021.docx,https://alcumusgroup.sharepoint.com/sites/D365ISOQARAuditDocumentsProd/msdyn_workorder/WO19849_E3D68A99F669EB11A812000D3ABB760C/Fox%20Lux%20Ltd%20-%2018366%20-%2009.08.2021.docx?d=w9d32720bbd5a4dd9825355547df7ee2d
672,msdyn_workorder%252fWO18452_BC0C6714103EEB11A813000D3A2E9B6C%252fConnecture%2bLimited%2b-%2b19270%2b-%2b06.09.2021.docx,Connecture Limited - 19270 - 06.09.2021.docx,msdyn_workorder/WO18452_BC0C6714103EEB11A813000D3A2E9B6C/Connecture Limited - 19270 - 06.09.2021.docx,https://alcumusgroup.sharepoint.com/sites/D365ISOQARAuditDocumentsProd/msdyn_workorder/WO18452_BC0C6714103EEB11A813000D3A2E9B6C/Connecture%20Limited%20-%2019270%20-%2006.09.2021.docx?d=w21202f1f977444ccbf5e6f4a928c7c7c
690,msdyn_workorder%252fWO25217_D576D1CF1E21EC11B6E66045BD88FE33%252fthreat_extracted_FT%2b51%2bCorrective%2bAction%2bReport.docx,threat_extracted_FT 51 Corrective Action Report.docx,msdyn_workorder/WO25217_D576D1CF1E21EC11B6E66045BD88FE33/threat_extracted_FT 51 Corrective Action Report.docx,https://alcumusgroup.sharepoint.com/sites/D365ISOQARAuditDocumentsProd/msdyn_workorder/WO25217_D576D1CF1E21EC11B6E66045BD88FE33/threat_extracted_FT%2051%20Corrective%20Action%20Report.docx?d=wc98034a1b3454fb7abb198d4a78b7b29
705,msdyn_workorder%252fWO07891_45E67A68640AEB11A812000D3A484D80%252fRocliff%2bLtd%2b-%2b16763%2b-%2b22.06.2021.docx,Rocliff Ltd - 16763 - 22.06.2021.docx,msdyn_workorder/WO07891_45E67A68640AEB11A812000D3A484D80/Rocliff Ltd - 16763 - 22.06.2021.docx,https://alcumusgroup.sharepoint.com/sites/D365ISOQARAuditDocumentsProd/msdyn_workorder/WO07891_45E67A68640AEB11A812000D3A484D80/Rocliff%20Ltd%20-%2016763%20-%2022.06.2021.docx?d=wb52f4e0d45f24c30912f6f631048c6b4
725,msdyn_workorder%252fWO00484_3F0DCC3D640AEB11A812000D3A484D80%252f10385%2b-%2bSmart%2bMetering%2bSystems%2bPLC%2b50001%2bAudit%2b-%2bJune%2b2021.docx,10385 - Smart Metering Systems PLC 50001 Audit - June 2021.docx,msdyn_workorder/WO00484_3F0DCC3D640AEB11A812000D3A484D80/10385 - Smart Metering Systems PLC 50001 Audit - June 2021.docx,https://alcumusgroup.sharepoint.com/sites/D365ISOQARAuditDocumentsProd/msdyn_workorder/WO00484_3F0DCC3D640AEB11A812000D3A484D80/10385%20-%20Smart%20Metering%20Systems%20PLC%2050001%20Audit%20-%20June%202021.docx?d=wdffd9c03fee74e72bcdcf8408382d6c8
740,msdyn_workorder%252fWO26451_A337E2DB7F48EC118C626045BD8D27D4%252fHamilton-Brown%2bBusiness%2bGraphics%2bLimited%2b-%2b20585%2b%2bStage%2b2%2b-%2bFinal.docx,Hamilton-Brown Business Graphics Limited - 20585  Stage 2 - Final.docx,msdyn_workorder/WO26451_A337E2DB7F48EC118C626045BD8D27D4/Hamilton-Brown Business Graphics Limited - 20585  Stage 2 - Final.docx,https://alcumusgroup.sharepoint.com/sites/D365ISOQARAuditDocumentsProd/msdyn_workorder/WO26451_A337E2DB7F48EC118C626045BD8D27D4/Hamilton-Brown%20Business%20Graphics%20Limited%20-%2020585%20%20Stage%202%20-%20Final.docx?d=w9e777d051abb4d1898ceac404fe9a68f
776,msdyn_workorder%252fWO18540_2578651B5140EB11A813000D3AA96EB4%252fCompass%2bGroup%252c%2bUK%2band%2bIreland%2bLimited%2b002%2bt_a%2bMedirest%2bKings%2bCollege%2bHospital%2b-%2b9791%2b-%2b22.09.2021.docx,"Compass Group, UK and Ireland Limited 002 t_a Medirest Kings College Hospital - 9791 - 22.09.2021.docx","msdyn_workorder/WO18540_2578651B5140EB11A813000D3AA96EB4/Compass Group, UK and Ireland Limited 002 t_a Medirest Kings College Hospital - 9791 - 22.09.2021.docx","https://alcumusgroup.sharepoint.com/sites/D365ISOQARAuditDocumentsProd/msdyn_workorder/WO18540_2578651B5140EB11A813000D3AA96EB4/Compass%20Group,%20UK%20and%20Ireland%20Limited%20002%20t_a%20Medirest%20Kings%20College%20Hospital%20-%209791%20-%2022.09.2021.docx?d=wbd425a49bbd545a085df3ac4cbe84631"
779,msdyn_workorder%252fWO19941_F5A1AC38836BEB11A812000D3ABB7C62%252fCA.zip,CA.zip,msdyn_workorder/WO19941_F5A1AC38836BEB11A812000D3ABB7C62/CA.zip,https://alcumusgroup.sharepoint.com/sites/D365ISOQARAuditDocumentsProd/msdyn_workorder/WO19941_F5A1AC38836BEB11A812000D3ABB7C62/CA.zip
780,msdyn_workorder%252fWO19941_F5A1AC38836BEB11A812000D3ABB7C62%252fDec%2b2021%2bAudit%2bAttendance%2bSheet.pdf,Dec 2021 Audit Attendance Sheet.pdf,msdyn_workorder/WO19941_F5A1AC38836BEB11A812000D3ABB7C62/Dec 2021 Audit Attendance Sheet.pdf,https://alcumusgroup.sharepoint.com/sites/D365ISOQARAuditDocumentsProd/msdyn_workorder/WO19941_F5A1AC38836BEB11A812000D3ABB7C62/Dec%202021%20Audit%20Attendance%20Sheet.pdf
781,msdyn_workorder%252fWO19941_F5A1AC38836BEB11A812000D3ABB7C62%252fKilo%2bLtd%2bFood%2biss%2b8%2bAudit%2bReport%2b30Nov%252601Dec2021.docx,Kilo Ltd Food iss 8 Audit Report 30Nov&01Dec2021.docx,msdyn_workorder/WO19941_F5A1AC38836BEB11A812000D3ABB7C62/Kilo Ltd Food iss 8 Audit Report 30Nov&01Dec2021.docx,https://alcumusgroup.sharepoint.com/sites/D365ISOQARAuditDocumentsProd/msdyn_workorder/WO19941_F5A1AC38836BEB11A812000D3ABB7C62/Kilo%20Ltd%20Food%20iss%208%20Audit%20Report%2030Nov%2601Dec2021.docx?d=wc5f79362f2c84e99a005d599ed129d56
782,msdyn_workorder%252fWO19941_F5A1AC38836BEB11A812000D3ABB7C62%252fauditor%2bnotes.pdf,auditor notes.pdf,msdyn_workorder/WO19941_F5A1AC38836BEB11A812000D3ABB7C62/auditor notes.pdf,https://alcumusgroup.sharepoint.com/sites/D365ISOQARAuditDocumentsProd/msdyn_workorder/WO19941_F5A1AC38836BEB11A812000D3ABB7C62/auditor%20notes.pdf
815,msdyn_workorder%252fWO01779_6817CC3D640AEB11A812000D3A484D80%252fHealth%2bExchange%2bC.I.C.%2b-%2b11584%2b-%2b24.06.2021.asd.docx,Health Exchange C.I.C. - 11584 - 24.06.2021.asd.docx,msdyn_workorder/WO01779_6817CC3D640AEB11A812000D3A484D80/Health Exchange C.I.C. - 11584 - 24.06.2021.asd.docx,https://alcumusgroup.sharepoint.com/sites/D365ISOQARAuditDocumentsProd/msdyn_workorder/WO01779_6817CC3D640AEB11A812000D3A484D80/Health%20Exchange%20C.I.C.%20-%2011584%20-%2024.06.2021.asd.docx?d=wc8b7275eff5d4fe6809d0bdec63dc692
818,msdyn_workorder%252fWO27757_949D15FE8782EC118D216045BD8F7EC3%252fG.A.%2bFixings%2bLimited%2b-%2b20718%2b-%2b01.02.2022docx.docx,G.A. Fixings Limited - 20718 - 01.02.2022docx.docx,msdyn_workorder/WO27757_949D15FE8782EC118D216045BD8F7EC3/G.A. Fixings Limited - 20718 - 01.02.2022docx.docx,https://alcumusgroup.sharepoint.com/sites/D365ISOQARAuditDocumentsProd/msdyn_workorder/WO27757_949D15FE8782EC118D216045BD8F7EC3/G.A.%20Fixings%20Limited%20-%2020718%20-%2001.02.2022docx.docx?d=w4c52dab593004caa82a8f2be86c38a98
824,msdyn_workorder%252fWO25421_787761D3B326EC11B6E56045BD8A5D30%252fHTS%2bSpares%2bLimited%2b-%2b10649%2b-%2b07.02.2022.docx,HTS Spares Limited - 10649 - 07.02.2022.docx,msdyn_workorder/WO25421_787761D3B326EC11B6E56045BD8A5D30/HTS Spares Limited - 10649 - 07.02.2022.docx,https://alcumusgroup.sharepoint.com/sites/D365ISOQARAuditDocumentsProd/msdyn_workorder/WO25421_787761D3B326EC11B6E56045BD8A5D30/HTS%20Spares%20Limited%20-%2010649%20-%2007.02.2022.docx?d=wbaa0a213f8f64ff9b115c1909be63d25
825,msdyn_workorder%252fWO25421_787761D3B326EC11B6E56045BD8A5D30%252fRemote%2bAudit%2bFeasibility%2b%2bEffectiveness%2bReview%2b.docx,Remote Audit Feasibility  Effectiveness Review .docx,msdyn_workorder/WO25421_787761D3B326EC11B6E56045BD8A5D30/Remote Audit Feasibility  Effectiveness Review .docx,https://alcumusgroup.sharepoint.com/sites/D365ISOQARAuditDocumentsProd/msdyn_workorder/WO25421_787761D3B326EC11B6E56045BD8A5D30/Remote%20Audit%20Feasibility%20%20Effectiveness%20Review%20.docx?d=wd840f8a3b990406a9a95b0dc35ed386a
828,msdyn_workorder%252fWO28044_904C9F849889EC1193B06045BD91DB4E%252fSharp%2bAerospace%2bLimited%2b-%2b5193%2b-%2bRAF%2b-%2b09.02.22%2b-%2b9001.docx,Sharp Aerospace Limited - 5193 - RAF - 09.02.22 - 9001.docx,msdyn_workorder/WO28044_904C9F849889EC1193B06045BD91DB4E/Sharp Aerospace Limited - 5193 - RAF - 09.02.22 - 9001.docx,https://alcumusgroup.sharepoint.com/sites/D365ISOQARAuditDocumentsProd/msdyn_workorder/WO28044_904C9F849889EC1193B06045BD91DB4E/Sharp%20Aerospace%20Limited%20-%205193%20-%20RAF%20-%2009.02.22%20-%209001.docx?d=w18e04e09c6004d47ac6a60bb4f1a96d6
830,msdyn_workorder%252fWO19384_EC6E5DB2CA5FEB11A812000D3A25EF27%252fSharp%2bAerospace%2bLimited%2b-%2b5193%2b-%2bRAF%2b-%2b09.02.22%2b-%2b9001.docx,Sharp Aerospace Limited - 5193 - RAF - 09.02.22 - 9001.docx,msdyn_workorder/WO19384_EC6E5DB2CA5FEB11A812000D3A25EF27/Sharp Aerospace Limited - 5193 - RAF - 09.02.22 - 9001.docx,https://alcumusgroup.sharepoint.com/sites/D365ISOQARAuditDocumentsProd/msdyn_workorder/WO19384_EC6E5DB2CA5FEB11A812000D3A25EF27/Sharp%20Aerospace%20Limited%20-%205193%20-%20RAF%20-%2009.02.22%20-%209001.docx?d=w73830420abd6445a8c94b63178deb813
831,msdyn_workorder%252fWO19384_EC6E5DB2CA5FEB11A812000D3A25EF27%252fSharp%2bAerospace%2bLimited%2b-%2b5193%2b-%2bSurveilance%2b-%2b09.02.22%2b-%2b9001.docx,Sharp Aerospace Limited - 5193 - Surveilance - 09.02.22 - 9001.docx,msdyn_workorder/WO19384_EC6E5DB2CA5FEB11A812000D3A25EF27/Sharp Aerospace Limited - 5193 - Surveilance - 09.02.22 - 9001.docx,https://alcumusgroup.sharepoint.com/sites/D365ISOQARAuditDocumentsProd/msdyn_workorder/WO19384_EC6E5DB2CA5FEB11A812000D3A25EF27/Sharp%20Aerospace%20Limited%20-%205193%20-%20Surveilance%20-%2009.02.22%20-%209001.docx?d=w0a2fc4c14d0443bf87ba2b7f456d8fe0
838,msdyn_workorder%252fWO19822_51B089F5AB67EB11A812000D3ABC391C%252fRemote%2bAudit%2bFeasibility%2b%2bEffectiveness%2bReview%2b.docx,Remote Audit Feasibility  Effectiveness Review .docx,msdyn_workorder/WO19822_51B089F5AB67EB11A812000D3ABC391C/Remote Audit Feasibility  Effectiveness Review .docx,https://alcumusgroup.sharepoint.com/sites/D365ISOQARAuditDocumentsProd/msdyn_workorder/WO19822_51B089F5AB67EB11A812000D3ABC391C/Remote%20Audit%20Feasibility%20%20Effectiveness%20Review%20.docx?d=w3807252592b44a66802d9ca37937edf1
854,msdyn_workorder%252fWO20268_2C958FF9C775EB11A812000D3ABD298A%252fBKS%2bPlastics%2bLimited%2b-%2b12817%2b-%2b21st%2bMarch%2b2022.docx,BKS Plastics Limited - 12817 - 21st March 2022.docx,msdyn_workorder/WO20268_2C958FF9C775EB11A812000D3ABD298A/BKS Plastics Limited - 12817 - 21st March 2022.docx,https://alcumusgroup.sharepoint.com/sites/D365ISOQARAuditDocumentsProd/msdyn_workorder/WO20268_2C958FF9C775EB11A812000D3ABD298A/BKS%20Plastics%20Limited%20-%2012817%20-%2021st%20March%202022.docx?d=w20023b61bdaf4e6fa39ad1d8dc872f2a
858,msdyn_workorder%252fWO19433_639D7B4BE85FEB11A812000D3A267CC8%252fTSC%2bEngineering%2bLimited%2bincorporating%2bAnsell%2bJones%2bLimited%2b-%2b13829%2b-%2b22032022.docx,TSC Engineering Limited incorporating Ansell Jones Limited - 13829 - 22032022.docx,msdyn_workorder/WO19433_639D7B4BE85FEB11A812000D3A267CC8/TSC Engineering Limited incorporating Ansell Jones Limited - 13829 - 22032022.docx,https://alcumusgroup.sharepoint.com/sites/D365ISOQARAuditDocumentsProd/msdyn_workorder/WO19433_639D7B4BE85FEB11A812000D3A267CC8/TSC%20Engineering%20Limited%20incorporating%20Ansell%20Jones%20Limited%20-%2013829%20-%2022032022.docx?d=w0760072cc070435d9c6bfdf39ed9a27f
860,msdyn_workorder%252fWO23748_59F6790576E5EB11BACB000D3A47088A%252fIKON%2bArchitecture%2bLimited%2b-%2b20337%2b-%2b23022022.docx,IKON Architecture Limited - 20337 - 23022022.docx,msdyn_workorder/WO23748_59F6790576E5EB11BACB000D3A47088A/IKON Architecture Limited - 20337 - 23022022.docx,https://alcumusgroup.sharepoint.com/sites/D365ISOQARAuditDocumentsProd/msdyn_workorder/WO23748_59F6790576E5EB11BACB000D3A47088A/IKON%20Architecture%20Limited%20-%2020337%20-%2023022022.docx?d=w466fc2c8d0604eba8aa772891a0e605a
862,msdyn_workorder%252fWO28348_ACBB6003E493EC11B400000D3A2B1546%252fJ%2bC%2bDrylining%2b(London)%2bLtd%2b-%2bStage%2b2%2bAudit%2b-%2b20432%2b-%2b24032022.docx,J C Drylining (London) Ltd - Stage 2 Audit - 20432 - 24032022.docx,msdyn_workorder/WO28348_ACBB6003E493EC11B400000D3A2B1546/J C Drylining (London) Ltd - Stage 2 Audit - 20432 - 24032022.docx,https://alcumusgroup.sharepoint.com/sites/D365ISOQARAuditDocumentsProd/msdyn_workorder/WO28348_ACBB6003E493EC11B400000D3A2B1546/J%20C%20Drylining%20(London)%20Ltd%20-%20Stage%202%20Audit%20-%2020432%20-%2024032022.docx?d=wdce2f2cbafd849b69123e071111860f0
878,msdyn_workorder%252fWO22092_F83245D8C7ACEB118236000D3A450DFE%252fM.F.H.%2bEngineering%2bHoldings%2bLtd%2b-%2b5205%2b-%2b07042022%2b-%2bSurveillance.docx,M.F.H. Engineering Holdings Ltd - 5205 - 07042022 - Surveillance.docx,msdyn_workorder/WO22092_F83245D8C7ACEB118236000D3A450DFE/M.F.H. Engineering Holdings Ltd - 5205 - 07042022 - Surveillance.docx,https://alcumusgroup.sharepoint.com/sites/D365ISOQARAuditDocumentsProd/msdyn_workorder/WO22092_F83245D8C7ACEB118236000D3A450DFE/M.F.H.%20Engineering%20Holdings%20Ltd%20-%205205%20-%2007042022%20-%20Surveillance.docx?d=wab92093375c6401eb0701d1d104ee79a
879,msdyn_workorder%252fWO22092_F83245D8C7ACEB118236000D3A450DFE%252fRemote%2bAudit%2bFeasibility%2b%2bEffectiveness%2bReview%2b(5205).docx,Remote Audit Feasibility  Effectiveness Review (5205).docx,msdyn_workorder/WO22092_F83245D8C7ACEB118236000D3A450DFE/Remote Audit Feasibility  Effectiveness Review (5205).docx,https://alcumusgroup.sharepoint.com/sites/D365ISOQARAuditDocumentsProd/msdyn_workorder/WO22092_F83245D8C7ACEB118236000D3A450DFE/Remote%20Audit%20Feasibility%20%20Effectiveness%20Review%20(5205).docx?d=wddb37dcf7f0c4984b0e418be0f788428
881,msdyn_workorder%252fWO25226_9A93FC313221EC11B6E66045BD88FDB3%252fQuantum%2bPower%2bConnections%2bLimited%2b-%2b20149%2b-%2bSurveillance%2b-%2b13042022.docx,Quantum Power Connections Limited - 20149 - Surveillance - 13042022.docx,msdyn_workorder/WO25226_9A93FC313221EC11B6E66045BD88FDB3/Quantum Power Connections Limited - 20149 - Surveillance - 13042022.docx,https://alcumusgroup.sharepoint.com/sites/D365ISOQARAuditDocumentsProd/msdyn_workorder/WO25226_9A93FC313221EC11B6E66045BD88FDB3/Quantum%20Power%20Connections%20Limited%20-%2020149%20-%20Surveillance%20-%2013042022.docx?d=w0ea2d444499e417cb1098aed6cc9b59b
882,msdyn_workorder%252fWO25226_9A93FC313221EC11B6E66045BD88FDB3%252fRemote%2bAudit%2bFeasibility%2b%2bEffectiveness%2bReview%2b(20149).docx,Remote Audit Feasibility  Effectiveness Review (20149).docx,msdyn_workorder/WO25226_9A93FC313221EC11B6E66045BD88FDB3/Remote Audit Feasibility  Effectiveness Review (20149).docx,https://alcumusgroup.sharepoint.com/sites/D365ISOQARAuditDocumentsProd/msdyn_workorder/WO25226_9A93FC313221EC11B6E66045BD88FDB3/Remote%20Audit%20Feasibility%20%20Effectiveness%20Review%20(20149).docx?d=w6f1deb980fac4f449e4d5938b737ae81
906,msdyn_workorder%252fWO24491_6DAB44A50904EC1194EF00224884D67B%252f3836%2b-%2bP%2bC%2bMaritime%2bLimited%2b-18.07.22%2b.docx,3836 - P C Maritime Limited -18.07.22 .docx,msdyn_workorder/WO24491_6DAB44A50904EC1194EF00224884D67B/3836 - P C Maritime Limited -18.07.22 .docx,https://alcumusgroup.sharepoint.com/sites/D365ISOQARAuditDocumentsProd/msdyn_workorder/WO24491_6DAB44A50904EC1194EF00224884D67B/3836%20-%20P%20C%20Maritime%20Limited%20-18.07.22%20.docx?d=wa8cc5adc6a524fb5a728731a080575f2
912,msdyn_workorder%252fWO31993_2D235E215219ED11B83E000D3AAA477E%252f16806%2b-%2bCorrective%2bAction%2bReport%2bForm%2bfor%2bA.Searle%2b%2526%2bCompany%2bLtd%2b11.08.22.docx,16806 - Corrective Action Report Form for A.Searle & Company Ltd 11.08.22.docx,msdyn_workorder/WO31993_2D235E215219ED11B83E000D3AAA477E/16806 - Corrective Action Report Form for A.Searle & Company Ltd 11.08.22.docx,https://alcumusgroup.sharepoint.com/sites/D365ISOQARAuditDocumentsProd/msdyn_workorder/WO31993_2D235E215219ED11B83E000D3AAA477E/16806%20-%20Corrective%20Action%20Report%20Form%20for%20A.Searle%20%26%20Company%20Ltd%2011.08.22.docx?d=w47313455d3bc47e69b44bac06f62d1e0
922,msdyn_workorder%252fWO20986_49DACC159385EB11A812000D3A4C1916%252f1209%2b-%2bOrbis%2bProtect%2bLtd.%2bICT%2bDartford%2bNotes%2b6.Sep.22.docx,1209 - Orbis Protect Ltd. ICT Dartford Notes 6.Sep.22.docx,msdyn_workorder/WO20986_49DACC159385EB11A812000D3A4C1916/1209 - Orbis Protect Ltd. ICT Dartford Notes 6.Sep.22.docx,https://alcumusgroup.sharepoint.com/sites/D365ISOQARAuditDocumentsProd/msdyn_workorder/WO20986_49DACC159385EB11A812000D3A4C1916/1209%20-%20Orbis%20Protect%20Ltd.%20ICT%20Dartford%20Notes%206.Sep.22.docx?d=wad3d1037bf904c08a1a82845160af66a
923,msdyn_workorder%252fWO20986_49DACC159385EB11A812000D3A4C1916%252f1209%2b-%2bSSiP%2bCore%2bCriteria%2bCheck%2bList%2b%2b6.Sep.22.docx,1209 - SSiP Core Criteria Check List  6.Sep.22.docx,msdyn_workorder/WO20986_49DACC159385EB11A812000D3A4C1916/1209 - SSiP Core Criteria Check List  6.Sep.22.docx,https://alcumusgroup.sharepoint.com/sites/D365ISOQARAuditDocumentsProd/msdyn_workorder/WO20986_49DACC159385EB11A812000D3A4C1916/1209%20-%20SSiP%20Core%20Criteria%20Check%20List%20%206.Sep.22.docx?d=w4a0bc36c6e0047f2af46ab523d6c6d82
970,msdyn_workorder%252fWO31628_F209BA10E608ED1182E5000D3A4AE08A%252f14479%2b-Hepco%2bSlide%2bSystems%2bLimited%2bincorporating%2bHepco%2bAutomation%2bLtd%2b%2bRe-Cert%2b%2b13th%2b%2526%2b14th%2bFebruary%2b2023%2bRev%2b1.docx,14479 -Hepco Slide Systems Limited incorporating Hepco Automation Ltd  Re-Cert  13th & 14th February 2023 Rev 1.docx,msdyn_workorder/WO31628_F209BA10E608ED1182E5000D3A4AE08A/14479 -Hepco Slide Systems Limited incorporating Hepco Automation Ltd  Re-Cert  13th & 14th February 2023 Rev 1.docx,https://alcumusgroup.sharepoint.com/sites/D365ISOQARAuditDocumentsProd/msdyn_workorder/WO31628_F209BA10E608ED1182E5000D3A4AE08A/14479%20-Hepco%20Slide%20Systems%20Limited%20incorporating%20Hepco%20Automation%20Ltd%20%20Re-Cert%20%2013th%20%26%2014th%20February%202023%20Rev%201.docx?d=wcbf59aa104ae4715bc6349c9d4ee8dc5
972,msdyn_workorder%252fWO26799_B18D30C22154EC118C62000D3ABFCA9C%252fJ%2bAshwell%2bLimited%2b-%2b4592.%2b-%2bSurveillance%2b%2526%2bRecert%2bPlanning%2b-%2b16.02.2023%2b-%2b9001.docx,J Ashwell Limited - 4592. - Surveillance & Recert Planning - 16.02.2023 - 9001.docx,msdyn_workorder/WO26799_B18D30C22154EC118C62000D3ABFCA9C/J Ashwell Limited - 4592. - Surveillance & Recert Planning - 16.02.2023 - 9001.docx,https://alcumusgroup.sharepoint.com/sites/D365ISOQARAuditDocumentsProd/msdyn_workorder/WO26799_B18D30C22154EC118C62000D3ABFCA9C/J%20Ashwell%20Limited%20-%204592.%20-%20Surveillance%20%26%20Recert%20Planning%20-%2016.02.2023%20-%209001.docx?d=w9d63045c803e408eba3f5af8fc389aac
980,msdyn_workorder%252fWO19292_F0E0C7DB0B5FEB11A812000D3A25E7D4%252fLivesey%2bContracting%2b%2526%2bMaintenance%2bLimited%252c%2bTrading%2bas_%2bLCM%2b-%2b8652%2b-%2b12.10.2021.pdf,"Livesey Contracting & Maintenance Limited, Trading as_ LCM - 8652 - 12.10.2021.pdf","msdyn_workorder/WO19292_F0E0C7DB0B5FEB11A812000D3A25E7D4/Livesey Contracting & Maintenance Limited, Trading as_ LCM - 8652 - 12.10.2021.pdf","https://alcumusgroup.sharepoint.com/sites/D365ISOQARAuditDocumentsProd/msdyn_workorder/WO19292_F0E0C7DB0B5FEB11A812000D3A25E7D4/Livesey%20Contracting%20%26%20Maintenance%20Limited,%20Trading%20as_%20LCM%20-%208652%20-%2012.10.2021.pdf"
